brand,num_reviews,average_rating
Anker,9860,4.244320486815416
AmazonBasics,13213,4.201468250964958
Sabrent,7320,4.0280054644808745
SanDisk,8400,3.958809523809524
Logitech,17066,3.9540607054963086
Samsung,15409,3.9412680900772274
Sony,12436,3.9387262785461563
TP-LINK,9773,3.92868106006344
Asus,11928,3.8555499664654596
NETGEAR,7085,3.836273817925194
